Name,Email,Facebook,Twitter
Rita Greer,RitaHGreer@teleworm.us,,
Fernando Lamb,,,Unforsibut
Beulah Jones,,,Proich
Karen Bublitz,,Haterind,
Yvonne Howell,,,Bellaing
Jill Owens,,,Dract1959
Karen Bublitz,KarenJBublitz@armyspy.com,,
Fernando Lamb,,Thozed,
Alton Banks,AltonKBanks@jourrapide.com,,
Rita Greer,,Trunever,
Yvonne Howell,YvonnePHowell@dayrep.com,,
Alton Banks,,,Haptinseele
Fernando Lamb,FernandoHLamb@armyspy.com,,
Karen Bublitz,,,Thedis
Neal Smith,,Shein1977,
Evelyn Griffin,EvelynEGriffin@armyspy.com,,
Evelyn Griffin,,Allind1981,
Alton Banks,,Gallenkamp,
